45.496067,9.193023;2013/11/14 05:00;11.8;74
45.496067,9.193023;2013/11/14 06:00;12;72
45.496067,9.193023;2013/11/14 07:00;12.5;66
45.496067,9.193023;2013/11/14 08:00;12.5;66
45.496067,9.193023;2013/11/14 09:00;12.5;65
45.496067,9.193023;2013/11/14 10:00;12.4;65
45.496067,9.193023;2013/11/14 11:00;12.4;64
45.496067,9.193023;2013/11/14 12:00;12.6;63
45.496067,9.193023;2013/11/14 13:00;12.5;62
45.496067,9.193023;2013/11/14 14:00;12.5;62
45.496067,9.193023;2013/11/14 15:00;12.4;62
45.496067,9.193023;2013/11/14 16:00;11.6;66
45.496067,9.193023;2013/11/14 17:00;10.4;81
45.496067,9.193023;2013/11/14 18:00;10;90
45.496067,9.193023;2013/11/14 19:00;9.7;96
45.496067,9.193023;2013/11/14 20:00;9.6;99
45.496067,9.193023;2013/11/14 21:00;9.6;98
45.496067,9.193023;2013/11/14 22:00;9.1;99
45.496067,9.193023;2013/11/14 23:00;8.8;99
45.496067,9.193023;2013/11/15 00:00;8.7;99
45.496067,9.193023;2013/11/15 01:00;7.4;99
45.496067,9.193023;2013/11/15 02:00;6.7;99
45.496067,9.193023;2013/11/15 03:00;6.7;99
45.496067,9.193023;2013/11/15 04:00;6.8;99
45.496067,9.193023;2013/11/15 05:00;7;99
45.496067,9.193023;2013/11/15 06:00;6.9;99
45.496067,9.193023;2013/11/15 07:00;6.6;99
45.496067,9.193023;2013/11/15 08:00;6.8;99
45.496067,9.193023;2013/11/15 09:00;7;99
45.496067,9.193023;2013/11/15 10:00;7.5;99
45.496067,9.193023;2013/11/15 11:00;7.6;99
45.496067,9.193023;2013/11/15 12:00;7.4;99
45.496067,9.193023;2013/11/15 13:00;7.3;99
45.496067,9.193023;2013/11/15 14:00;7.7;99
45.496067,9.193023;2013/11/15 15:00;7.8;99
45.496067,9.193023;2013/11/15 16:00;7.7;99
45.496067,9.193023;2013/11/15 17:00;7.6;99
45.496067,9.193023;2013/11/15 18:00;8;99
45.496067,9.193023;2013/11/15 19:00;8.3;99
45.496067,9.193023;2013/11/15 20:00;8.5;99
45.496067,9.193023;2013/11/15 21:00;8.8;99
45.496067,9.193023;2013/11/15 22:00;9;99
45.496067,9.193023;2013/11/15 23:00;8.9;99
45.496067,9.193023;2013/11/16 00:00;9;99
45.496067,9.193023;2013/11/16 01:00;9.1;99
45.496067,9.193023;2013/11/16 02:00;9.1;99
45.496067,9.193023;2013/11/16 03:00;8.9;99
45.496067,9.193023;2013/11/16 04:00;8.5;99
45.496067,9.193023;2013/11/16 05:00;8.3;99
45.496067,9.193023;2013/11/16 06:00;7.7;99
45.496067,9.193023;2013/11/16 07:00;7.4;99
45.496067,9.193023;2013/11/16 08:00;7.4;99
45.496067,9.193023;2013/11/16 09:00;8;99
45.496067,9.193023;2013/11/16 10:00;9.6;99
45.496067,9.193023;2013/11/16 11:00;10.8;97
45.496067,9.193023;2013/11/16 12:00;11.6;94
45.496067,9.193023;2013/11/16 13:00;12.8;90
45.496067,9.193023;2013/11/16 14:00;13.8;79
45.496067,9.193023;2013/11/16 15:00;14.4;60
45.496067,9.193023;2013/11/16 16:00;13.3;61
45.496067,9.193023;2013/11/16 17:00;12.4;66
45.496067,9.193023;2013/11/16 18:00;11.6;72
45.496067,9.193023;2013/11/16 19:00;11.2;78
45.496067,9.193023;2013/11/16 20:00;10.8;83
45.496067,9.193023;2013/11/16 21:00;10.4;86
45.496067,9.193023;2013/11/16 22:00;9.8;89
45.496067,9.193023;2013/11/16 23:00;9.8;91
45.496067,9.193023;2013/11/17 00:00;10.3;88
45.496067,9.193023;2013/11/17 01:00;10.2;85
45.496067,9.193023;2013/11/17 02:00;10.3;86
45.496067,9.193023;2013/11/17 03:00;10.2;86
45.496067,9.193023;2013/11/17 04:00;9.5;91
45.496067,9.193023;2013/11/17 05:00;10;83
45.496067,9.193023;2013/11/17 06:00;9.9;69
45.496067,9.193023;2013/11/17 07:00;9.7;68
45.496067,9.193023;2013/11/17 08:00;9.5;71
45.496067,9.193023;2013/11/17 09:00;10.2;72
45.496067,9.193023;2013/11/17 10:00;11;62
45.496067,9.193023;2013/11/17 11:00;11.8;59
45.496067,9.193023;2013/11/17 12:00;12;58
45.496067,9.193023;2013/11/17 13:00;12.3;57
45.496067,9.193023;2013/11/17 14:00;13.1;54
45.496067,9.193023;2013/11/17 15:00;13.6;50
45.496067,9.193023;2013/11/17 16:00;12.6;54
45.496067,9.193023;2013/11/17 17:00;11.9;59
45.496067,9.193023;2013/11/17 18:00;11.7;62
45.496067,9.193023;2013/11/17 19:00;11.3;66
45.496067,9.193023;2013/11/17 20:00;10.9;73
45.496067,9.193023;2013/11/17 21:00;10.7;75
45.496067,9.193023;2013/11/17 22:00;10.5;76
45.496067,9.193023;2013/11/17 23:00;10.1;82
45.496067,9.193023;2013/11/18 00:00;10;85
45.496067,9.193023;2013/11/18 01:00;9.9;90
45.496067,9.193023;2013/11/18 02:00;9.9;90
45.496067,9.193023;2013/11/18 03:00;9.9;88
45.496067,9.193023;2013/11/18 04:00;9.9;87
45.496067,9.193023;2013/11/18 05:00;9.7;86
45.496067,9.193023;2013/11/18 06:00;9.5;93
45.496067,9.193023;2013/11/18 07:00;9.4;98
45.496067,9.193023;2013/11/18 08:00;9.7;99
45.496067,9.193023;2013/11/18 09:00;10;99
45.496067,9.193023;2013/11/18 10:00;10.3;98
45.496067,9.193023;2013/11/18 11:00;10.5;96
45.496067,9.193023;2013/11/18 12:00;10.7;95
45.496067,9.193023;2013/11/18 13:00;10.2;94
45.496067,9.193023;2013/11/18 14:00;9.8;95
45.496067,9.193023;2013/11/18 15:00;9.3;97
45.496067,9.193023;2013/11/18 16:00;9.3;99
45.496067,9.193023;2013/11/18 17:00;9.4;99
45.496067,9.193023;2013/11/18 18:00;9.4;99
45.496067,9.193023;2013/11/18 19:00;9.5;99
45.496067,9.193023;2013/11/18 20:00;9.6;99
45.496067,9.193023;2013/11/18 21:00;9.6;99
45.496067,9.193023;2013/11/18 22:00;9.8;99
45.496067,9.193023;2013/11/18 23:00;10;99
45.496067,9.193023;2013/11/19 00:00;10.1;99
45.496067,9.193023;2013/11/19 01:00;10.2;99
45.496067,9.193023;2013/11/19 02:00;10.2;99
45.496067,9.193023;2013/11/19 03:00;10.2;99
45.496067,9.193023;2013/11/19 04:00;10.3;99
45.496067,9.193023;2013/11/19 05:00;10.2;99
45.496067,9.193023;2013/11/19 06:00;10.2;99
45.496067,9.193023;2013/11/19 07:00;9.9;99
45.496067,9.193023;2013/11/19 08:00;9.9;99
45.496067,9.193023;2013/11/19 09:00;10.1;99
45.496067,9.193023;2013/11/19 10:00;9.7;99
45.496067,9.193023;2013/11/19 11:00;9.8;99
45.496067,9.193023;2013/11/19 12:00;10;99
45.496067,9.193023;2013/11/19 13:00;10;99
45.496067,9.193023;2013/11/19 14:00;10.3;99
45.496067,9.193023;2013/11/19 15:00;10.4;99
45.496067,9.193023;2013/11/19 16:00;10.4;99
45.496067,9.193023;2013/11/19 17:00;10.5;99
45.496067,9.193023;2013/11/19 18:00;10.7;99
45.496067,9.193023;2013/11/19 19:00;10.7;99
45.496067,9.193023;2013/11/19 20:00;10.7;99
45.496067,9.193023;2013/11/19 21:00;10.7;99
45.496067,9.193023;2013/11/19 22:00;10.4;99
45.496067,9.193023;2013/11/19 23:00;10.2;99
45.496067,9.193023;2013/11/20 00:00;10.3;99
45.496067,9.193023;2013/11/20 01:00;10.4;99
45.496067,9.193023;2013/11/20 02:00;10.5;99
45.496067,9.193023;2013/11/20 03:00;10;99
45.496067,9.193023;2013/11/20 04:00;9.8;99
45.496067,9.193023;2013/11/20 05:00;9.9;99
45.496067,9.193023;2013/11/20 06:00;9.8;99
45.496067,9.193023;2013/11/20 07:00;9.9;99
45.496067,9.193023;2013/11/20 08:00;9.9;99
45.496067,9.193023;2013/11/20 09:00;10.2;99
45.496067,9.193023;2013/11/20 10:00;10.6;99
45.496067,9.193023;2013/11/20 11:00;11.3;99
45.496067,9.193023;2013/11/20 12:00;11.7;99
45.496067,9.193023;2013/11/20 13:00;12;95
45.496067,9.193023;2013/11/20 14:00;11.6;97
45.496067,9.193023;2013/11/20 15:00;11.2;99
45.496067,9.193023;2013/11/20 16:00;10.5;99
45.496067,9.193023;2013/11/20 17:00;10.2;99
45.496067,9.193023;2013/11/20 18:00;10.3;99
45.496067,9.193023;2013/11/20 19:00;9.8;99
45.496067,9.193023;2013/11/20 20:00;8.7;99
45.496067,9.193023;2013/11/20 21:00;8.4;98
45.496067,9.193023;2013/11/20 22:00;8.3;94
45.496067,9.193023;2013/11/20 23:00;8.2;89
45.496067,9.193023;2013/11/21 00:00;8.4;92
45.496067,9.193023;2013/11/21 01:00;8.1;91
45.496067,9.193023;2013/11/21 02:00;7.4;90
45.496067,9.193023;2013/11/21 03:00;6.9;91
45.496067,9.193023;2013/11/21 04:00;6.9;92
45.496067,9.193023;2013/11/21 05:00;6.7;92
45.496067,9.193023;2013/11/21 06:00;6.5;93
45.496067,9.193023;2013/11/21 07:00;6.1;94
45.496067,9.193023;2013/11/21 08:00;6.6;94
45.496067,9.193023;2013/11/21 09:00;6.7;97
45.496067,9.193023;2013/11/21 10:00;6.5;99
45.496067,9.193023;2013/11/21 11:00;6.6;99
45.496067,9.193023;2013/11/21 12:00;7.2;99
45.496067,9.193023;2013/11/21 13:00;7.2;99
45.496067,9.193023;2013/11/21 14:00;7.6;99
45.496067,9.193023;2013/11/21 15:00;7.6;99
45.496067,9.193023;2013/11/21 16:00;7.1;99
45.496067,9.193023;2013/11/21 17:00;7.1;99
45.496067,9.193023;2013/11/21 18:00;7.2;99
45.496067,9.193023;2013/11/21 19:00;6.9;98
45.496067,9.193023;2013/11/21 20:00;6.3;94
45.496067,9.193023;2013/11/21 21:00;5.6;92
45.496067,9.193023;2013/11/21 22:00;5.2;97
45.496067,9.193023;2013/11/21 23:00;4.2;99
45.496067,9.193023;2013/11/22 00:00;4.2;99
45.496067,9.193023;2013/11/22 01:00;4.6;99
45.496067,9.193023;2013/11/22 02:00;4.5;99
45.496067,9.193023;2013/11/22 03:00;4.5;99
45.496067,9.193023;2013/11/22 04:00;4.2;99
45.496067,9.193023;2013/11/22 05:00;4.4;99
45.496067,9.193023;2013/11/22 06:00;4.5;99
45.496067,9.193023;2013/11/22 07:00;3.8;99
45.496067,9.193023;2013/11/22 08:00;3.7;99
45.496067,9.193023;2013/11/22 09:00;4.1;99
45.496067,9.193023;2013/11/22 10:00;4.4;99
45.496067,9.193023;2013/11/22 11:00;5.2;99
45.496067,9.193023;2013/11/22 12:00;5.6;99
45.496067,9.193023;2013/11/22 13:00;5.7;99
45.496067,9.193023;2013/11/22 14:00;6.6;98
45.496067,9.193023;2013/11/22 15:00;6.8;91
45.496067,9.193023;2013/11/22 16:00;6.9;93
45.496067,9.193023;2013/11/22 17:00;6.7;95
45.496067,9.193023;2013/11/22 18:00;6.4;95
45.496067,9.193023;2013/11/22 19:00;6.2;94
45.496067,9.193023;2013/11/22 20:00;6;95
45.496067,9.193023;2013/11/22 21:00;6;93
45.496067,9.193023;2013/11/22 22:00;6;90
45.496067,9.193023;2013/11/22 23:00;5.9;89
45.496067,9.193023;2013/11/23 00:00;5.8;87
45.496067,9.193023;2013/11/23 01:00;5.8;83
45.496067,9.193023;2013/11/23 02:00;5.7;81
45.496067,9.193023;2013/11/23 03:00;5.7;77
45.496067,9.193023;2013/11/23 04:00;5.3;74
45.496067,9.193023;2013/11/23 05:00;5.2;76
45.496067,9.193023;2013/11/23 06:00;5;78
45.496067,9.193023;2013/11/23 07:00;5.2;81
45.496067,9.193023;2013/11/23 08:00;5.4;79
45.496067,9.193023;2013/11/23 09:00;5.8;80
45.496067,9.193023;2013/11/23 10:00;6.6;71
45.496067,9.193023;2013/11/23 11:00;6.8;71
45.496067,9.193023;2013/11/23 12:00;7.2;71
45.496067,9.193023;2013/11/23 13:00;6.5;68
45.496067,9.193023;2013/11/23 14:00;6.3;75
45.496067,9.193023;2013/11/23 15:00;6.1;82
45.496067,9.193023;2013/11/23 16:00;5.9;85
45.496067,9.193023;2013/11/23 17:00;6;84
45.496067,9.193023;2013/11/23 18:00;6.2;80
45.496067,9.193023;2013/11/23 19:00;6.5;77
45.496067,9.193023;2013/11/23 20:00;6.5;76
45.496067,9.193023;2013/11/23 21:00;6.2;82
45.496067,9.193023;2013/11/23 22:00;6.1;85
45.496067,9.193023;2013/11/23 23:00;5.9;87
45.496067,9.193023;2013/11/24 00:00;5.8;92
45.496067,9.193023;2013/11/24 01:00;5.9;93
45.496067,9.193023;2013/11/24 02:00;6;93
45.496067,9.193023;2013/11/24 03:00;6;92
45.496067,9.193023;2013/11/24 04:00;6.1;92
45.496067,9.193023;2013/11/24 05:00;6.3;91
45.496067,9.193023;2013/11/24 06:00;6.5;90
45.496067,9.193023;2013/11/24 07:00;6.7;89
45.496067,9.193023;2013/11/24 08:00;6.6;88
45.496067,9.193023;2013/11/24 09:00;7;85
45.496067,9.193023;2013/11/24 10:00;7.9;76
45.496067,9.193023;2013/11/24 11:00;9;69
45.496067,9.193023;2013/11/24 12:00;9.9;65
45.496067,9.193023;2013/11/24 13:00;11.2;61
45.496067,9.193023;2013/11/24 14:00;12.5;55
45.496067,9.193023;2013/11/24 15:00;12.9;50
45.496067,9.193023;2013/11/24 16:00;11.8;56
45.496067,9.193023;2013/11/24 17:00;11;60
45.496067,9.193023;2013/11/24 18:00;10.1;66
45.496067,9.193023;2013/11/24 19:00;9.6;72
45.496067,9.193023;2013/11/24 20:00;8.5;81
45.496067,9.193023;2013/11/24 21:00;7.7;88
45.496067,9.193023;2013/11/24 22:00;7.2;91
45.496067,9.193023;2013/11/24 23:00;6.7;95
45.496067,9.193023;2013/11/25 00:00;6.6;96
45.496067,9.193023;2013/11/25 01:00;6.2;96
45.496067,9.193023;2013/11/25 02:00;5.6;96
45.496067,9.193023;2013/11/25 03:00;5;97
45.496067,9.193023;2013/11/25 04:00;4.6;97
45.496067,9.193023;2013/11/25 05:00;4.4;94
45.496067,9.193023;2013/11/25 06:00;4.7;77
45.496067,9.193023;2013/11/25 07:00;5;65
45.496067,9.193023;2013/11/25 08:00;4.9;73
45.496067,9.193023;2013/11/25 09:00;6.1;75
45.496067,9.193023;2013/11/25 10:00;8.2;64
45.496067,9.193023;2013/11/25 11:00;10.4;44
45.496067,9.193023;2013/11/25 12:00;12;27
45.496067,9.193023;2013/11/25 13:00;12.5;24
45.496067,9.193023;2013/11/25 14:00;12.8;30
45.496067,9.193023;2013/11/25 15:00;12.9;16
45.496067,9.193023;2013/11/25 16:00;11.1;19
45.496067,9.193023;2013/11/25 17:00;9.7;38
45.496067,9.193023;2013/11/25 18:00;8.7;42
45.496067,9.193023;2013/11/25 19:00;8;26
45.496067,9.193023;2013/11/25 20:00;7.2;21
45.496067,9.193023;2013/11/25 21:00;6.5;23
45.496067,9.193023;2013/11/25 22:00;6.1;30
45.496067,9.193023;2013/11/25 23:00;6;29
45.496067,9.193023;2013/11/26 00:00;5.1;31
45.496067,9.193023;2013/11/26 01:00;4.5;30
45.496067,9.193023;2013/11/26 02:00;4.4;29
45.496067,9.193023;2013/11/26 03:00;4.1;30
45.496067,9.193023;2013/11/26 04:00;3.6;31
45.496067,9.193023;2013/11/26 05:00;3;34
45.496067,9.193023;2013/11/26 06:00;3;33
45.496067,9.193023;2013/11/26 07:00;2.8;35
45.496067,9.193023;2013/11/26 08:00;2.5;38
45.496067,9.193023;2013/11/26 09:00;2.9;40
45.496067,9.193023;2013/11/26 10:00;3.9;39
45.496067,9.193023;2013/11/26 11:00;5.6;27
45.496067,9.193023;2013/11/26 12:00;6.6;24
45.496067,9.193023;2013/11/26 13:00;7.4;25
45.496067,9.193023;2013/11/26 14:00;8.2;27
45.496067,9.193023;2013/11/26 15:00;8.5;29
45.496067,9.193023;2013/11/26 16:00;7.1;31
45.496067,9.193023;2013/11/26 17:00;6.6;32
45.496067,9.193023;2013/11/26 18:00;6.1;34
45.496067,9.193023;2013/11/26 19:00;5.7;31
45.496067,9.193023;2013/11/26 20:00;4.8;36
45.496067,9.193023;2013/11/26 21:00;4.1;43
45.496067,9.193023;2013/11/26 22:00;3.3;47
45.496067,9.193023;2013/11/26 23:00;3.2;49
45.496067,9.193023;2013/11/27 00:00;2.9;47
45.496067,9.193023;2013/11/27 01:00;2.4;49
45.496067,9.193023;2013/11/27 02:00;2;47
45.496067,9.193023;2013/11/27 03:00;1.7;49
45.496067,9.193023;2013/11/27 04:00;1.2;50
45.496067,9.193023;2013/11/27 05:00;0.8;49
45.496067,9.193023;2013/11/27 06:00;0.6;47
45.496067,9.193023;2013/11/27 07:00;0.6;43
45.496067,9.193023;2013/11/27 08:00;0.7;43
45.496067,9.193023;2013/11/27 09:00;1.4;39
45.496067,9.193023;2013/11/27 10:00;2.6;36
45.496067,9.193023;2013/11/27 11:00;4.1;32
45.496067,9.193023;2013/11/27 12:00;5.8;27
45.496067,9.193023;2013/11/27 13:00;7.4;23
45.496067,9.193023;2013/11/27 14:00;8.5;25
45.496067,9.193023;2013/11/27 15:00;8.8;24
45.496067,9.193023;2013/11/27 16:00;7.4;29
45.496067,9.193023;2013/11/27 17:00;6.8;30
45.496067,9.193023;2013/11/27 18:00;6.1;32
45.496067,9.193023;2013/11/27 19:00;5.5;33
45.496067,9.193023;2013/11/27 20:00;4.6;35
45.496067,9.193023;2013/11/27 21:00;3.9;36
45.496067,9.193023;2013/11/27 22:00;3.3;39
45.496067,9.193023;2013/11/27 23:00;3.2;46
45.496067,9.193023;2013/11/28 00:00;2.5;49
45.496067,9.193023;2013/11/28 01:00;2.1;51
45.496067,9.193023;2013/11/28 02:00;1.8;53
45.496067,9.193023;2013/11/28 03:00;1.8;55
45.496067,9.193023;2013/11/28 04:00;1.2;57
45.496067,9.193023;2013/11/28 05:00;0.8;57
45.496067,9.193023;2013/11/28 06:00;1;53
45.496067,9.193023;2013/11/28 07:00;0.6;57
45.496067,9.193023;2013/11/28 08:00;0.7;62
45.496067,9.193023;2013/11/28 09:00;1.4;58
45.496067,9.193023;2013/11/28 10:00;3.2;50
45.496067,9.193023;2013/11/28 11:00;4.3;44
45.496067,9.193023;2013/11/28 12:00;5.1;42
45.496067,9.193023;2013/11/28 13:00;5.9;39
45.496067,9.193023;2013/11/28 14:00;7.1;36
45.496067,9.193023;2013/11/28 15:00;7.5;34
45.496067,9.193023;2013/11/28 16:00;6.1;39
45.496067,9.193023;2013/11/28 17:00;5.7;42
45.496067,9.193023;2013/11/28 18:00;5.2;45
45.496067,9.193023;2013/11/28 19:00;4.8;48
45.496067,9.193023;2013/11/28 20:00;4.3;50
45.496067,9.193023;2013/11/28 21:00;3.8;53
45.496067,9.193023;2013/11/28 22:00;3.4;55
45.496067,9.193023;2013/11/28 23:00;3;57
45.496067,9.193023;2013/11/29 00:00;2.9;58
45.496067,9.193023;2013/11/29 01:00;2.5;59
45.496067,9.193023;2013/11/29 02:00;1.8;62
45.496067,9.193023;2013/11/29 03:00;1.3;64
45.496067,9.193023;2013/11/29 04:00;0.8;67
45.496067,9.193023;2013/11/29 05:00;0.4;70
45.496067,9.193023;2013/11/29 06:00;-0.1;73
45.496067,9.193023;2013/11/29 07:00;-0.2;76
45.496067,9.193023;2013/11/29 08:00;0;77
45.496067,9.193023;2013/11/29 09:00;0.9;75
45.496067,9.193023;2013/11/29 10:00;2.5;69
45.496067,9.193023;2013/11/29 11:00;3.7;64
45.496067,9.193023;2013/11/29 12:00;4.8;60
45.496067,9.193023;2013/11/29 13:00;6;52
45.496067,9.193023;2013/11/29 14:00;7.5;45
45.496067,9.193023;2013/11/29 15:00;8;37
45.496067,9.193023;2013/11/29 16:00;6.8;39
45.496067,9.193023;2013/11/29 17:00;6;40
45.496067,9.193023;2013/11/29 18:00;5.2;46
45.496067,9.193023;2013/11/29 19:00;4.6;50
45.496067,9.193023;2013/11/29 20:00;4.7;51
45.496067,9.193023;2013/11/29 21:00;4.6;51
45.496067,9.193023;2013/11/29 22:00;3.8;57
45.496067,9.193023;2013/11/29 23:00;3.5;59
45.496067,9.193023;2013/11/30 00:00;3.2;60
45.496067,9.193023;2013/11/30 01:00;3;60
45.496067,9.193023;2013/11/30 02:00;3.2;61
45.496067,9.193023;2013/11/30 03:00;3.1;62
45.496067,9.193023;2013/11/30 04:00;3;62
45.496067,9.193023;2013/11/30 05:00;2.9;62
45.496067,9.193023;2013/11/30 06:00;3;63
45.496067,9.193023;2013/11/30 07:00;2.6;68
45.496067,9.193023;2013/11/30 08:00;1.9;77
45.496067,9.193023;2013/11/30 09:00;1.3;84
45.496067,9.193023;2013/11/30 10:00;0.9;92
45.496067,9.193023;2013/11/30 11:00;0.8;97
45.496067,9.193023;2013/11/30 12:00;1;99
45.496067,9.193023;2013/11/30 13:00;1.5;99
45.496067,9.193023;2013/11/30 14:00;2.2;99
45.496067,9.193023;2013/11/30 15:00;2.6;99
45.496067,9.193023;2013/11/30 16:00;2.7;99
45.496067,9.193023;2013/11/30 17:00;2.7;99
45.496067,9.193023;2013/11/30 18:00;2.5;99
45.496067,9.193023;2013/11/30 19:00;2.6;99
45.496067,9.193023;2013/11/30 20:00;2.4;98
45.496067,9.193023;2013/11/30 21:00;2.2;95
45.496067,9.193023;2013/11/30 22:00;2.1;93
45.496067,9.193023;2013/11/30 23:00;1.8;94
45.496067,9.193023;2013/12/01 00:00;1.8;96
45.496067,9.193023;2013/12/01 01:00;1.7;97
45.496067,9.193023;2013/12/01 02:00;1.7;97
45.496067,9.193023;2013/12/01 03:00;1.5;97
45.496067,9.193023;2013/12/01 04:00;1.1;98
45.496067,9.193023;2013/12/01 05:00;1.3;98
45.496067,9.193023;2013/12/01 06:00;1.1;96
45.496067,9.193023;2013/12/01 07:00;0.9;95
45.496067,9.193023;2013/12/01 08:00;1;97
45.496067,9.193023;2013/12/01 09:00;1.8;97
45.496067,9.193023;2013/12/01 10:00;2.8;94
45.496067,9.193023;2013/12/01 11:00;4.4;87
45.496067,9.193023;2013/12/01 12:00;6;82
45.496067,9.193023;2013/12/01 13:00;7;74
45.496067,9.193023;2013/12/01 14:00;8.4;55
45.496067,9.193023;2013/12/01 15:00;8.9;46
45.496067,9.193023;2013/12/01 16:00;7.2;49
45.496067,9.193023;2013/12/01 17:00;6.1;54
45.496067,9.193023;2013/12/01 18:00;5.1;60
45.496067,9.193023;2013/12/01 19:00;4.7;67
45.496067,9.193023;2013/12/01 20:00;4.3;71
45.496067,9.193023;2013/12/01 21:00;3.5;73
45.496067,9.193023;2013/12/01 22:00;2.8;77
45.496067,9.193023;2013/12/01 23:00;2.3;79
45.496067,9.193023;2013/12/02 00:00;2;81
45.496067,9.193023;2013/12/02 01:00;1.7;82
45.496067,9.193023;2013/12/02 02:00;2;82
45.496067,9.193023;2013/12/02 03:00;2.7;76
45.496067,9.193023;2013/12/02 04:00;3.2;72
45.496067,9.193023;2013/12/02 05:00;3.4;69
45.496067,9.193023;2013/12/02 06:00;3.4;65
45.496067,9.193023;2013/12/02 07:00;3.4;66
45.496067,9.193023;2013/12/02 08:00;3.4;64
45.496067,9.193023;2013/12/02 09:00;3.8;63
45.496067,9.193023;2013/12/02 10:00;4.6;60
45.496067,9.193023;2013/12/02 11:00;6.6;53
45.496067,9.193023;2013/12/02 12:00;9;45
45.496067,9.193023;2013/12/02 13:00;10.8;37
45.496067,9.193023;2013/12/02 14:00;12.2;31
45.496067,9.193023;2013/12/02 15:00;12.5;31
45.496067,9.193023;2013/12/02 16:00;10.2;40
45.496067,9.193023;2013/12/02 17:00;8.6;46
45.496067,9.193023;2013/12/02 18:00;8;47
45.496067,9.193023;2013/12/02 19:00;7.4;51
45.496067,9.193023;2013/12/02 20:00;6.7;56
45.496067,9.193023;2013/12/02 21:00;5.6;63
45.496067,9.193023;2013/12/02 22:00;4.8;67
45.496067,9.193023;2013/12/02 23:00;4;69
45.496067,9.193023;2013/12/03 00:00;3.5;71
45.496067,9.193023;2013/12/03 01:00;3.1;70
45.496067,9.193023;2013/12/03 02:00;3;69
45.496067,9.193023;2013/12/03 03:00;2.6;70
45.496067,9.193023;2013/12/03 04:00;2.3;71
45.496067,9.193023;2013/12/03 05:00;2.2;71
45.496067,9.193023;2013/12/03 06:00;2.2;70
45.496067,9.193023;2013/12/03 07:00;2;71
45.496067,9.193023;2013/12/03 08:00;2.1;74
45.496067,9.193023;2013/12/03 09:00;2.9;73
45.496067,9.193023;2013/12/03 10:00;4;69
45.496067,9.193023;2013/12/03 11:00;5.2;65
45.496067,9.193023;2013/12/03 12:00;7.1;60
45.496067,9.193023;2013/12/03 13:00;8.8;52
45.496067,9.193023;2013/12/03 14:00;10.1;41
45.496067,9.193023;2013/12/03 15:00;11;37
45.496067,9.193023;2013/12/03 16:00;9.3;41
45.496067,9.193023;2013/12/03 17:00;8;46
45.496067,9.193023;2013/12/03 18:00;7.2;53
45.496067,9.193023;2013/12/03 19:00;7.1;56
45.496067,9.193023;2013/12/03 20:00;6.3;58
45.496067,9.193023;2013/12/03 21:00;5.4;61
45.496067,9.193023;2013/12/03 22:00;4.6;65
45.496067,9.193023;2013/12/03 23:00;3.6;68
45.496067,9.193023;2013/12/04 00:00;2.8;70
45.496067,9.193023;2013/12/04 01:00;2.5;72
45.496067,9.193023;2013/12/04 02:00;2.1;72
45.496067,9.193023;2013/12/04 03:00;2.1;74
45.496067,9.193023;2013/12/04 04:00;1.5;74
45.496067,9.193023;2013/12/04 05:00;0.8;76
45.496067,9.193023;2013/12/04 06:00;0.6;79
45.496067,9.193023;2013/12/04 07:00;0.3;81
45.496067,9.193023;2013/12/04 08:00;0.5;81
45.496067,9.193023;2013/12/04 09:00;0.9;79
45.496067,9.193023;2013/12/04 10:00;2;76
45.496067,9.193023;2013/12/04 11:00;3.8;67
45.496067,9.193023;2013/12/04 12:00;5.8;60
45.496067,9.193023;2013/12/04 13:00;7.4;53
45.496067,9.193023;2013/12/04 14:00;8.8;47
45.496067,9.193023;2013/12/04 15:00;9.4;44
45.496067,9.193023;2013/12/04 16:00;8.2;49
45.496067,9.193023;2013/12/04 17:00;7.4;53
45.496067,9.193023;2013/12/04 18:00;6.3;59
45.496067,9.193023;2013/12/04 19:00;6;62
45.496067,9.193023;2013/12/04 20:00;5.9;63
45.496067,9.193023;2013/12/04 21:00;5;67
45.496067,9.193023;2013/12/04 22:00;4.3;71
45.496067,9.193023;2013/12/04 23:00;4.2;74
45.496067,9.193023;2013/12/05 00:00;4.3;74
45.496067,9.193023;2013/12/05 01:00;3.1;76
45.496067,9.193023;2013/12/05 02:00;2.5;77
45.496067,9.193023;2013/12/05 03:00;2.2;80
45.496067,9.193023;2013/12/05 04:00;2;80
45.496067,9.193023;2013/12/05 05:00;1.8;79
45.496067,9.193023;2013/12/05 06:00;1.8;77
45.496067,9.193023;2013/12/05 07:00;1.9;77
45.496067,9.193023;2013/12/05 08:00;2.2;78
45.496067,9.193023;2013/12/05 09:00;3;78
45.496067,9.193023;2013/12/05 10:00;4.6;73
45.496067,9.193023;2013/12/05 11:00;5.9;66
45.496067,9.193023;2013/12/05 12:00;7.4;58
45.496067,9.193023;2013/12/05 13:00;9;50
45.496067,9.193023;2013/12/05 14:00;9.6;46
45.496067,9.193023;2013/12/05 15:00;11.2;40
45.496067,9.193023;2013/12/05 16:00;9.3;43
45.496067,9.193023;2013/12/05 17:00;8.3;46
45.496067,9.193023;2013/12/05 18:00;7.1;52
45.496067,9.193023;2013/12/05 19:00;6.4;59
45.496067,9.193023;2013/12/05 20:00;5.9;62
45.496067,9.193023;2013/12/05 21:00;5.7;64
45.496067,9.193023;2013/12/05 22:00;5.4;66
45.496067,9.193023;2013/12/05 23:00;4.6;67
45.496067,9.193023;2013/12/06 00:00;4.3;68
45.496067,9.193023;2013/12/06 01:00;4.1;67
45.496067,9.193023;2013/12/06 02:00;3.9;69
45.496067,9.193023;2013/12/06 03:00;3.7;69
45.496067,9.193023;2013/12/06 04:00;3.6;67
45.496067,9.193023;2013/12/06 05:00;4.1;65
45.496067,9.193023;2013/12/06 06:00;4.2;64
45.496067,9.193023;2013/12/06 07:00;5.5;64
45.496067,9.193023;2013/12/06 08:00;6.9;64
45.496067,9.193023;2013/12/06 09:00;7.6;68
45.496067,9.193023;2013/12/06 10:00;9.1;66
45.496067,9.193023;2013/12/06 11:00;10.3;62
45.496067,9.193023;2013/12/06 12:00;11.1;59
45.496067,9.193023;2013/12/06 13:00;12.1;55
45.496067,9.193023;2013/12/06 14:00;13.4;51
45.496067,9.193023;2013/12/06 15:00;13.9;47
45.496067,9.193023;2013/12/06 16:00;12.6;53
45.496067,9.193023;2013/12/06 17:00;11.7;58
45.496067,9.193023;2013/12/06 18:00;10.7;61
45.496067,9.193023;2013/12/06 19:00;10.6;57
45.496067,9.193023;2013/12/06 20:00;10.3;45
45.496067,9.193023;2013/12/06 21:00;10;40
45.496067,9.193023;2013/12/06 22:00;8.7;36
45.496067,9.193023;2013/12/06 23:00;9.2;31
45.496067,9.193023;2013/12/07 00:00;7.7;36
45.496067,9.193023;2013/12/07 01:00;5.4;57
45.496067,9.193023;2013/12/07 02:00;4.7;68
45.496067,9.193023;2013/12/07 03:00;4.4;72
45.496067,9.193023;2013/12/07 04:00;3.8;76
45.496067,9.193023;2013/12/07 05:00;3.5;79
45.496067,9.193023;2013/12/07 06:00;3.4;81
45.496067,9.193023;2013/12/07 07:00;3.6;82
45.496067,9.193023;2013/12/07 08:00;3.4;82
45.496067,9.193023;2013/12/07 09:00;3.2;84
45.496067,9.193023;2013/12/07 10:00;4.6;82
45.496067,9.193023;2013/12/07 11:00;6.6;73
45.496067,9.193023;2013/12/07 12:00;8.2;65
45.496067,9.193023;2013/12/07 13:00;9.2;56
45.496067,9.193023;2013/12/07 14:00;9.3;55
45.496067,9.193023;2013/12/07 15:00;10.4;53
45.496067,9.193023;2013/12/07 16:00;9.4;57
45.496067,9.193023;2013/12/07 17:00;8.5;62
45.496067,9.193023;2013/12/07 18:00;7.6;66
45.496067,9.193023;2013/12/07 19:00;6.6;72
45.496067,9.193023;2013/12/07 20:00;6.2;75
45.496067,9.193023;2013/12/07 21:00;5.9;76
45.496067,9.193023;2013/12/07 22:00;5.3;77
45.496067,9.193023;2013/12/07 23:00;4.9;78
45.496067,9.193023;2013/12/08 00:00;4.4;77
45.496067,9.193023;2013/12/08 01:00;3.8;78
45.496067,9.193023;2013/12/08 02:00;3.7;80
45.496067,9.193023;2013/12/08 03:00;3.6;82
45.496067,9.193023;2013/12/08 04:00;3.2;82
45.496067,9.193023;2013/12/08 05:00;2.6;84
45.496067,9.193023;2013/12/08 06:00;2.7;84
45.496067,9.193023;2013/12/08 07:00;3.2;82
45.496067,9.193023;2013/12/08 08:00;3.6;86
45.496067,9.193023;2013/12/08 09:00;3.8;92
45.496067,9.193023;2013/12/08 10:00;4.1;92
45.496067,9.193023;2013/12/08 11:00;4.6;90
45.496067,9.193023;2013/12/08 12:00;5.1;87
45.496067,9.193023;2013/12/08 13:00;5.5;85
45.496067,9.193023;2013/12/08 14:00;6.1;80
45.496067,9.193023;2013/12/08 15:00;6.4;76
45.496067,9.193023;2013/12/08 16:00;5.3;79
45.496067,9.193023;2013/12/08 17:00;4.3;85
45.496067,9.193023;2013/12/08 18:00;4.1;89
45.496067,9.193023;2013/12/08 19:00;4.3;92
45.496067,9.193023;2013/12/08 20:00;3.7;93
45.496067,9.193023;2013/12/08 21:00;3.6;96
45.496067,9.193023;2013/12/08 22:00;3.6;98
45.496067,9.193023;2013/12/08 23:00;3.2;98
45.496067,9.193023;2013/12/09 00:00;2.4;98
45.496067,9.193023;2013/12/09 01:00;1.6;99
45.496067,9.193023;2013/12/09 02:00;1.4;99
45.496067,9.193023;2013/12/09 03:00;1;99
45.496067,9.193023;2013/12/09 04:00;0.7;99
45.496067,9.193023;2013/12/09 05:00;0.1;99
45.496067,9.193023;2013/12/09 06:00;0.4;99
45.496067,9.193023;2013/12/09 07:00;0.6;99
45.496067,9.193023;2013/12/09 08:00;0.7;99
45.496067,9.193023;2013/12/09 09:00;0.7;97
45.496067,9.193023;2013/12/09 10:00;1.4;94
45.496067,9.193023;2013/12/09 11:00;2.4;86
45.496067,9.193023;2013/12/09 12:00;3.6;77
45.496067,9.193023;2013/12/09 13:00;4.6;71
45.496067,9.193023;2013/12/09 14:00;6.3;64
45.496067,9.193023;2013/12/09 15:00;6.5;62
45.496067,9.193023;2013/12/09 16:00;6.5;65
45.496067,9.193023;2013/12/09 17:00;6.1;67
45.496067,9.193023;2013/12/09 18:00;5.4;73
45.496067,9.193023;2013/12/09 19:00;4.8;80
45.496067,9.193023;2013/12/09 20:00;4.4;84
45.496067,9.193023;2013/12/09 21:00;3.8;88
45.496067,9.193023;2013/12/09 22:00;3.6;91
45.496067,9.193023;2013/12/09 23:00;3.6;92
45.496067,9.193023;2013/12/10 00:00;3.4;93
45.496067,9.193023;2013/12/10 01:00;2.9;94
45.496067,9.193023;2013/12/10 02:00;2.4;95
45.496067,9.193023;2013/12/10 03:00;1.9;96
45.496067,9.193023;2013/12/10 04:00;1.8;98
45.496067,9.193023;2013/12/10 05:00;1.8;98
45.496067,9.193023;2013/12/10 06:00;1.5;97
45.496067,9.193023;2013/12/10 07:00;1.6;95
45.496067,9.193023;2013/12/10 08:00;2;93
45.496067,9.193023;2013/12/10 09:00;1.9;91
45.496067,9.193023;2013/12/10 10:00;2.6;88
45.496067,9.193023;2013/12/10 11:00;4;80
45.496067,9.193023;2013/12/10 12:00;5.5;72
45.496067,9.193023;2013/12/10 13:00;6.9;64
45.496067,9.193023;2013/12/10 14:00;7.7;60
45.496067,9.193023;2013/12/10 15:00;8.3;55
45.496067,9.193023;2013/12/23 21:00;7.7;99
45.496067,9.193023;2013/12/23 22:00;7.5;99
45.496067,9.193023;2013/12/23 23:00;7.3;99
45.496067,9.193023;2013/12/24 00:00;7.2;99
45.496067,9.193023;2013/12/24 01:00;7.2;99
45.496067,9.193023;2013/12/24 02:00;7.1;99
45.496067,9.193023;2013/12/24 03:00;7.1;99
45.496067,9.193023;2013/12/24 04:00;7;99
45.496067,9.193023;2013/12/24 05:00;7;99
45.496067,9.193023;2013/12/24 06:00;7;99
45.496067,9.193023;2013/12/24 07:00;7;99
45.496067,9.193023;2013/12/24 08:00;6.9;99
45.496067,9.193023;2013/12/24 09:00;6.9;99
45.496067,9.193023;2013/12/24 10:00;6.8;99
45.496067,9.193023;2013/12/24 11:00;6.8;99
45.496067,9.193023;2013/12/24 12:00;6.8;99
45.496067,9.193023;2013/12/24 13:00;6.8;99
45.496067,9.193023;2013/12/24 14:00;6.8;99
45.496067,9.193023;2013/12/24 15:00;6.9;99
45.496067,9.193023;2013/12/24 16:00;6.8;99
45.496067,9.193023;2013/12/24 17:00;6.8;99
45.496067,9.193023;2013/12/24 18:00;6.7;99
45.496067,9.193023;2013/12/24 19:00;6.6;99
45.496067,9.193023;2013/12/24 20:00;6.5;99
45.496067,9.193023;2013/12/24 21:00;6.5;99
45.496067,9.193023;2013/12/24 22:00;6.4;99
45.496067,9.193023;2013/12/24 23:00;6.4;99
45.496067,9.193023;2013/12/25 00:00;6.3;99
45.496067,9.193023;2013/12/25 01:00;6.4;99
45.496067,9.193023;2013/12/25 02:00;6.6;99
45.496067,9.193023;2013/12/25 03:00;6.6;99
45.496067,9.193023;2013/12/25 04:00;6.6;99
45.496067,9.193023;2013/12/25 05:00;6.7;99
45.496067,9.193023;2013/12/25 06:00;6.9;99
45.496067,9.193023;2013/12/25 07:00;7.2;99
45.496067,9.193023;2013/12/25 08:00;7.3;99
45.496067,9.193023;2013/12/25 09:00;7.6;99
45.496067,9.193023;2013/12/25 10:00;7.8;99
45.496067,9.193023;2013/12/25 11:00;8.1;99
45.496067,9.193023;2013/12/25 12:00;8.4;99
45.496067,9.193023;2013/12/25 13:00;8.8;99
45.496067,9.193023;2013/12/25 14:00;9.1;99
45.496067,9.193023;2013/12/25 15:00;9.4;99
45.496067,9.193023;2013/12/25 16:00;9.4;99
45.496067,9.193023;2013/12/25 17:00;9.3;99
45.496067,9.193023;2013/12/25 18:00;9.3;99
45.496067,9.193023;2013/12/25 19:00;9.3;99
45.496067,9.193023;2013/12/25 20:00;9.3;99
45.496067,9.193023;2013/12/25 21:00;9.3;99
45.496067,9.193023;2013/12/25 22:00;9.3;99
45.496067,9.193023;2013/12/25 23:00;9.4;99
45.496067,9.193023;2013/12/26 00:00;9.4;99
45.496067,9.193023;2013/12/26 01:00;9.3;99
45.496067,9.193023;2013/12/26 02:00;9.2;99
45.496067,9.193023;2013/12/26 03:00;9.2;99
45.496067,9.193023;2013/12/26 04:00;9.3;99
45.496067,9.193023;2013/12/26 05:00;9.4;99
45.496067,9.193023;2013/12/26 06:00;9.4;99
45.496067,9.193023;2013/12/26 07:00;9.5;99
45.496067,9.193023;2013/12/26 08:00;9.6;99
45.496067,9.193023;2013/12/26 09:00;9.7;99
45.496067,9.193023;2013/12/26 10:00;9;99
45.496067,9.193023;2013/12/26 11:00;9.4;99
45.496067,9.193023;2013/12/26 12:00;10.1;99
45.496067,9.193023;2013/12/26 13:00;10.3;99
45.496067,9.193023;2013/12/26 14:00;10.8;99
45.496067,9.193023;2013/12/26 15:00;10.6;99
45.496067,9.193023;2013/12/26 16:00;10.1;99
45.496067,9.193023;2013/12/26 17:00;8;99
45.496067,9.193023;2013/12/26 18:00;7.1;99
45.496067,9.193023;2013/12/26 19:00;7.5;99
45.496067,9.193023;2013/12/26 20:00;7.5;99
45.496067,9.193023;2013/12/26 21:00;8;99
45.496067,9.193023;2013/12/26 22:00;8.2;99
45.496067,9.193023;2013/12/26 23:00;8.3;99
45.496067,9.193023;2013/12/27 00:00;8.1;99
45.496067,9.193023;2013/12/27 01:00;7.1;99
45.496067,9.193023;2013/12/27 02:00;7;99
45.496067,9.193023;2013/12/27 03:00;6.7;99
45.496067,9.193023;2013/12/27 04:00;5.9;99
45.496067,9.193023;2013/12/27 05:00;5.6;99
45.496067,9.193023;2013/12/27 06:00;5.6;99
45.496067,9.193023;2013/12/27 07:00;6;99
45.496067,9.193023;2013/12/27 08:00;6;99
45.496067,9.193023;2013/12/27 09:00;5.9;99
45.496067,9.193023;2013/12/27 10:00;6.4;99
45.496067,9.193023;2013/12/27 11:00;7.3;99
45.496067,9.193023;2013/12/27 12:00;8.2;99
45.496067,9.193023;2013/12/27 13:00;10.2;99
45.496067,9.193023;2013/12/27 14:00;11.4;94
45.496067,9.193023;2013/12/27 15:00;12.3;90
45.496067,9.193023;2013/12/27 16:00;11.1;91
45.496067,9.193023;2013/12/27 17:00;10.3;95
45.496067,9.193023;2013/12/27 18:00;9.4;98
45.496067,9.193023;2013/12/27 19:00;9.1;99
45.496067,9.193023;2013/12/27 20:00;9.1;99
45.496067,9.193023;2013/12/27 21:00;8.1;99
45.496067,9.193023;2013/12/27 22:00;7.5;99
45.496067,9.193023;2013/12/27 23:00;7;99
45.496067,9.193023;2013/12/28 00:00;6.7;99
45.496067,9.193023;2013/12/28 01:00;6;99
45.496067,9.193023;2013/12/28 02:00;5.9;99
45.496067,9.193023;2013/12/28 03:00;5.9;99
45.496067,9.193023;2013/12/28 04:00;5.4;99
45.496067,9.193023;2013/12/28 05:00;5.3;99
45.496067,9.193023;2013/12/28 06:00;5.4;99
45.496067,9.193023;2013/12/28 07:00;6.1;98
45.496067,9.193023;2013/12/28 08:00;6.5;92
45.496067,9.193023;2013/12/28 09:00;6.5;88
45.496067,9.193023;2013/12/28 10:00;6.8;87
45.496067,9.193023;2013/12/28 11:00;6.8;91
45.496067,9.193023;2013/12/28 12:00;7.2;95
45.496067,9.193023;2013/12/28 13:00;7.6;97
45.496067,9.193023;2013/12/28 14:00;8;92
45.496067,9.193023;2013/12/28 15:00;7.8;95
45.496067,9.193023;2013/12/28 16:00;7.7;97
45.496067,9.193023;2013/12/28 17:00;7.4;99
45.496067,9.193023;2013/12/28 18:00;7.1;99
45.496067,9.193023;2013/12/28 19:00;7;99
45.496067,9.193023;2013/12/28 20:00;7.1;99
45.496067,9.193023;2013/12/28 21:00;7.3;99
45.496067,9.193023;2013/12/28 22:00;7.3;99
45.496067,9.193023;2013/12/28 23:00;7.2;99
45.496067,9.193023;2013/12/29 00:00;7;99
45.496067,9.193023;2013/12/29 01:00;6.9;99
45.496067,9.193023;2013/12/29 02:00;6.8;99
45.496067,9.193023;2013/12/29 03:00;6.4;99
45.496067,9.193023;2013/12/29 04:00;6.2;99
45.496067,9.193023;2013/12/29 05:00;6.2;99
45.496067,9.193023;2013/12/29 06:00;6.2;99
45.496067,9.193023;2013/12/29 07:00;6.2;99
45.496067,9.193023;2013/12/29 08:00;6.2;99
45.496067,9.193023;2013/12/29 09:00;5.9;99
45.496067,9.193023;2013/12/29 10:00;6;99
45.496067,9.193023;2013/12/29 11:00;6.1;99
45.496067,9.193023;2013/12/29 12:00;6.7;99
45.496067,9.193023;2013/12/29 13:00;7.8;99
45.496067,9.193023;2013/12/29 14:00;9.3;99
45.496067,9.193023;2013/12/29 15:00;10.4;98
45.496067,9.193023;2013/12/29 16:00;9.2;96
45.496067,9.193023;2013/12/29 17:00;8.7;98
45.496067,9.193023;2013/12/29 18:00;8;99
45.496067,9.193023;2013/12/29 19:00;7.5;99
45.496067,9.193023;2013/12/29 20:00;7.1;99
45.496067,9.193023;2013/12/29 21:00;6.9;99
45.496067,9.193023;2013/12/29 22:00;6.3;99
45.496067,9.193023;2013/12/29 23:00;5.3;99
45.496067,9.193023;2013/12/30 00:00;4.8;99
45.496067,9.193023;2013/12/30 01:00;4.5;99
45.496067,9.193023;2013/12/30 02:00;4.1;99
45.496067,9.193023;2013/12/30 03:00;3.7;99
45.496067,9.193023;2013/12/30 04:00;3.5;99
45.496067,9.193023;2013/12/30 05:00;3.4;99
45.496067,9.193023;2013/12/30 06:00;3.4;99
45.496067,9.193023;2013/12/30 07:00;3;99
45.496067,9.193023;2013/12/30 08:00;3.1;99
45.496067,9.193023;2013/12/30 09:00;3.5;99
45.496067,9.193023;2013/12/30 10:00;4.5;99
45.496067,9.193023;2013/12/30 11:00;6.5;99
45.496067,9.193023;2013/12/30 12:00;8.5;91
45.496067,9.193023;2013/12/30 13:00;9.6;71
45.496067,9.193023;2013/12/30 14:00;10.7;57
45.496067,9.193023;2013/12/30 15:00;11.7;49
45.496067,9.193023;2013/12/30 16:00;10.2;53
45.496067,9.193023;2013/12/30 17:00;9.4;58
45.496067,9.193023;2013/12/30 18:00;8.5;63
45.496067,9.193023;2013/12/30 19:00;7.8;70
45.496067,9.193023;2013/12/30 20:00;7;76
45.496067,9.193023;2013/12/30 21:00;6.4;76
45.496067,9.193023;2013/12/30 22:00;5.4;74
45.496067,9.193023;2013/12/30 23:00;4.7;73
45.496067,9.193023;2013/12/31 00:00;4.3;75
45.496067,9.193023;2013/12/31 01:00;3.6;79
45.496067,9.193023;2013/12/31 02:00;3.4;82
45.496067,9.193023;2013/12/31 03:00;3.2;80
45.496067,9.193023;2013/12/31 04:00;3.5;77
45.496067,9.193023;2013/12/31 05:00;3.4;77
45.496067,9.193023;2013/12/31 06:00;3.2;76
45.496067,9.193023;2013/12/31 07:00;2.9;78
45.496067,9.193023;2013/12/31 08:00;2.6;79
45.496067,9.193023;2013/12/31 09:00;2.4;80
45.496067,9.193023;2013/12/31 10:00;3.5;73
45.496067,9.193023;2013/12/31 11:00;4.9;62
45.496067,9.193023;2013/12/31 12:00;6.1;57
45.496067,9.193023;2013/12/31 13:00;7.3;52
45.496067,9.193023;2013/12/31 14:00;8.6;46
45.496067,9.193023;2013/12/31 15:00;9.7;46
45.496067,9.193023;2013/12/31 16:00;8;52
45.496067,9.193023;2013/12/31 17:00;7.1;57
45.496067,9.193023;2013/12/31 18:00;6.2;64
45.496067,9.193023;2013/12/31 19:00;5.6;68
45.496067,9.193023;2013/12/31 20:00;5.2;71
45.496067,9.193023;2013/12/31 21:00;4.8;75
45.496067,9.193023;2013/12/31 22:00;4.2;78
45.496067,9.193023;2013/12/31 23:00;3.6;82
45.496067,9.193023;2013/12/10 16:00;6.8;61
45.496067,9.193023;2013/12/10 17:00;5.8;69
45.496067,9.193023;2013/12/10 18:00;3.8;77
45.496067,9.193023;2013/12/10 19:00;2.2;87
45.496067,9.193023;2013/12/10 20:00;2.5;94
45.496067,9.193023;2013/12/10 21:00;2.8;96
45.496067,9.193023;2013/12/10 22:00;2.9;96
45.496067,9.193023;2013/12/10 23:00;3.2;96
45.496067,9.193023;2013/12/11 00:00;3;95
45.496067,9.193023;2013/12/11 01:00;2.8;94
45.496067,9.193023;2013/12/11 02:00;2.5;93
45.496067,9.193023;2013/12/11 03:00;1.5;90
45.496067,9.193023;2013/12/11 04:00;-0.2;87
45.496067,9.193023;2013/12/11 05:00;-0.9;91
45.496067,9.193023;2013/12/11 06:00;-0.9;95
45.496067,9.193023;2013/12/11 07:00;-1.3;97
45.496067,9.193023;2013/12/11 08:00;-0.5;99
45.496067,9.193023;2013/12/11 09:00;-0.2;97
45.496067,9.193023;2013/12/11 10:00;0.8;92
45.496067,9.193023;2013/12/11 11:00;2;85
45.496067,9.193023;2013/12/11 12:00;3;82
45.496067,9.193023;2013/12/11 13:00;4.5;80
45.496067,9.193023;2013/12/11 14:00;6.1;70
45.496067,9.193023;2013/12/11 15:00;7.2;61
45.496067,9.193023;2013/12/11 16:00;6.2;63
45.496067,9.193023;2013/12/11 17:00;5.3;70
45.496067,9.193023;2013/12/11 18:00;4.5;75
45.496067,9.193023;2013/12/11 19:00;3.8;82
45.496067,9.193023;2013/12/11 20:00;2.4;89
45.496067,9.193023;2013/12/11 21:00;1.6;95
45.496067,9.193023;2013/12/11 22:00;1.8;99
45.496067,9.193023;2013/12/11 23:00;2;99
45.496067,9.193023;2013/12/12 00:00;1.8;99
45.496067,9.193023;2013/12/12 01:00;1.2;99
45.496067,9.193023;2013/12/12 02:00;0.5;99
45.496067,9.193023;2013/12/12 03:00;0;99
45.496067,9.193023;2013/12/12 04:00;-0.4;99
45.496067,9.193023;2013/12/12 05:00;-0.5;99
45.496067,9.193023;2013/12/12 06:00;-0.5;99
45.496067,9.193023;2013/12/12 07:00;-0.7;99
45.496067,9.193023;2013/12/12 08:00;-0.8;99
45.496067,9.193023;2013/12/12 09:00;-0.8;99
45.496067,9.193023;2013/12/12 10:00;0.1;99
45.496067,9.193023;2013/12/12 11:00;1.6;99
45.496067,9.193023;2013/12/12 12:00;2.5;90
45.496067,9.193023;2013/12/12 13:00;3.4;81
45.496067,9.193023;2013/12/12 14:00;3.3;78
45.496067,9.193023;2013/12/12 15:00;3.8;75
45.496067,9.193023;2013/12/12 16:00;3.1;79
45.496067,9.193023;2013/12/12 17:00;2.3;86
45.496067,9.193023;2013/12/12 18:00;1.9;90
45.496067,9.193023;2013/12/12 19:00;1.8;92
45.496067,9.193023;2013/12/12 20:00;1.9;92
45.496067,9.193023;2013/12/12 21:00;1.7;92
45.496067,9.193023;2013/12/12 22:00;1.8;92
45.496067,9.193023;2013/12/12 23:00;1.3;92
45.496067,9.193023;2013/12/13 00:00;0.8;93
45.496067,9.193023;2013/12/13 01:00;0.8;93
45.496067,9.193023;2013/12/13 02:00;0.5;92
45.496067,9.193023;2013/12/13 03:00;0;93
45.496067,9.193023;2013/12/13 04:00;0;93
45.496067,9.193023;2013/12/13 05:00;-0.6;91
45.496067,9.193023;2013/12/13 06:00;-0.9;91
45.496067,9.193023;2013/12/13 07:00;-0.6;92
45.496067,9.193023;2013/12/13 08:00;-0.5;89
45.496067,9.193023;2013/12/13 09:00;-0.9;86
45.496067,9.193023;2013/12/13 10:00;0.3;84
45.496067,9.193023;2013/12/13 11:00;2.2;78
45.496067,9.193023;2013/12/13 12:00;4.3;72
45.496067,9.193023;2013/12/13 13:00;6.1;65
45.496067,9.193023;2013/12/13 14:00;7.6;58
45.496067,9.193023;2013/12/13 15:00;9;52
45.496067,9.193023;2013/12/13 16:00;7.8;54
45.496067,9.193023;2013/12/13 17:00;6.9;60
45.496067,9.193023;2013/12/13 18:00;6.1;67
45.496067,9.193023;2013/12/13 19:00;5.7;73
45.496067,9.193023;2013/12/13 20:00;5.2;77
45.496067,9.193023;2013/12/13 21:00;4.9;79
45.496067,9.193023;2013/12/13 22:00;4.6;81
45.496067,9.193023;2013/12/13 23:00;4.3;81
45.496067,9.193023;2013/12/14 00:00;3.8;82
45.496067,9.193023;2013/12/14 01:00;3.4;83
45.496067,9.193023;2013/12/14 02:00;3.2;84
45.496067,9.193023;2013/12/14 03:00;2.7;79
45.496067,9.193023;2013/12/14 04:00;2.2;77
45.496067,9.193023;2013/12/14 05:00;1.8;78
45.496067,9.193023;2013/12/14 06:00;1.6;79
45.496067,9.193023;2013/12/14 07:00;1.4;79
45.496067,9.193023;2013/12/14 08:00;1.4;79
45.496067,9.193023;2013/12/14 09:00;1.8;77
45.496067,9.193023;2013/12/14 10:00;3.2;73
45.496067,9.193023;2013/12/14 11:00;6.2;65
45.496067,9.193023;2013/12/14 12:00;9.1;53
45.496067,9.193023;2013/12/14 13:00;11.5;42
45.496067,9.193023;2013/12/14 14:00;12.3;40
45.496067,9.193023;2013/12/14 15:00;13;42
45.496067,9.193023;2013/12/14 16:00;11.2;49
45.496067,9.193023;2013/12/14 17:00;10;55
45.496067,9.193023;2013/12/14 18:00;8.5;62
45.496067,9.193023;2013/12/14 19:00;7.7;67
45.496067,9.193023;2013/12/14 20:00;7.4;70
45.496067,9.193023;2013/12/14 21:00;7.6;69
45.496067,9.193023;2013/12/14 22:00;6.4;69
45.496067,9.193023;2013/12/14 23:00;5.9;72
45.496067,9.193023;2013/12/15 00:00;5.4;73
45.496067,9.193023;2013/12/15 01:00;4.4;79
45.496067,9.193023;2013/12/15 02:00;3.4;86
45.496067,9.193023;2013/12/15 03:00;3.1;89
45.496067,9.193023;2013/12/15 04:00;2.6;91
45.496067,9.193023;2013/12/15 05:00;2.3;92
45.496067,9.193023;2013/12/15 06:00;2.2;92
45.496067,9.193023;2013/12/15 07:00;2;92
45.496067,9.193023;2013/12/15 08:00;1.9;93
45.496067,9.193023;2013/12/15 09:00;2.4;92
45.496067,9.193023;2013/12/15 10:00;3.8;88
45.496067,9.193023;2013/12/15 11:00;5.8;80
45.496067,9.193023;2013/12/15 12:00;7.1;74
45.496067,9.193023;2013/12/15 13:00;7.2;71
45.496067,9.193023;2013/12/15 14:00;7.8;70
45.496067,9.193023;2013/12/15 15:00;9.9;59
45.496067,9.193023;2013/12/15 16:00;8.2;62
45.496067,9.193023;2013/12/15 17:00;7.3;67
45.496067,9.193023;2013/12/15 18:00;6.8;72
45.496067,9.193023;2013/12/15 19:00;5.6;78
45.496067,9.193023;2013/12/15 20:00;5.2;82
45.496067,9.193023;2013/12/15 21:00;4.6;86
45.496067,9.193023;2013/12/15 22:00;4.4;88
45.496067,9.193023;2013/12/15 23:00;3.3;91
45.496067,9.193023;2013/12/16 00:00;3.1;94
45.496067,9.193023;2013/12/16 01:00;2.7;92
45.496067,9.193023;2013/12/16 02:00;2.5;90
45.496067,9.193023;2013/12/16 03:00;2.1;88
45.496067,9.193023;2013/12/16 04:00;1.5;85
45.496067,9.193023;2013/12/16 05:00;1.4;84
45.496067,9.193023;2013/12/16 06:00;1.4;82
45.496067,9.193023;2013/12/16 07:00;1.2;81
45.496067,9.193023;2013/12/16 08:00;1.3;80
45.496067,9.193023;2013/12/16 09:00;1.8;76
45.496067,9.193023;2013/12/16 10:00;2.9;72
45.496067,9.193023;2013/12/16 11:00;4.8;62
45.496067,9.193023;2013/12/16 12:00;6.9;53
45.496067,9.193023;2013/12/16 13:00;9.3;46
45.496067,9.193023;2013/12/16 14:00;10.8;41
45.496067,9.193023;2013/12/16 15:00;11.2;40
45.496067,9.193023;2013/12/16 16:00;9.5;45
45.496067,9.193023;2013/12/16 17:00;8.4;51
45.496067,9.193023;2013/12/16 18:00;7.5;55
45.496067,9.193023;2013/12/16 19:00;6.7;59
45.496067,9.193023;2013/12/16 20:00;6.1;65
45.496067,9.193023;2013/12/16 21:00;5.5;68
45.496067,9.193023;2013/12/16 22:00;4.8;70
45.496067,9.193023;2013/12/16 23:00;4.2;75
45.496067,9.193023;2013/12/17 00:00;3.7;77
45.496067,9.193023;2013/12/17 01:00;3.4;80
45.496067,9.193023;2013/12/17 02:00;2.9;82
45.496067,9.193023;2013/12/17 03:00;2.2;83
45.496067,9.193023;2013/12/17 04:00;1.9;83
45.496067,9.193023;2013/12/17 05:00;1.6;80
45.496067,9.193023;2013/12/17 06:00;1.5;79
45.496067,9.193023;2013/12/17 07:00;1.6;78
45.496067,9.193023;2013/12/17 08:00;1.8;78
45.496067,9.193023;2013/12/17 09:00;2.2;76
45.496067,9.193023;2013/12/17 10:00;3.3;73
45.496067,9.193023;2013/12/17 11:00;5;66
45.496067,9.193023;2013/12/17 12:00;6;59
45.496067,9.193023;2013/12/17 13:00;7.9;52
45.496067,9.193023;2013/12/17 14:00;9.4;47
45.496067,9.193023;2013/12/17 15:00;10.3;44
45.496067,9.193023;2013/12/17 16:00;8.6;51
45.496067,9.193023;2013/12/17 17:00;7.7;55
45.496067,9.193023;2013/12/17 18:00;6.8;58
45.496067,9.193023;2013/12/17 19:00;6.4;58
45.496067,9.193023;2013/12/17 20:00;5.7;61
45.496067,9.193023;2013/12/17 21:00;5.1;65
45.496067,9.193023;2013/12/17 22:00;4.8;68
45.496067,9.193023;2013/12/17 23:00;4.2;72
45.496067,9.193023;2013/12/18 00:00;3.5;74
45.496067,9.193023;2013/12/18 01:00;3;76
45.496067,9.193023;2013/12/18 02:00;2.5;79
45.496067,9.193023;2013/12/18 03:00;2.4;80
45.496067,9.193023;2013/12/18 04:00;1.9;81
45.496067,9.193023;2013/12/18 05:00;1.7;80
45.496067,9.193023;2013/12/18 06:00;1.8;79
45.496067,9.193023;2013/12/18 07:00;1.9;79
45.496067,9.193023;2013/12/18 08:00;2.5;79
45.496067,9.193023;2013/12/18 09:00;3;76
45.496067,9.193023;2013/12/18 10:00;3.9;74
45.496067,9.193023;2013/12/18 11:00;5.9;63
45.496067,9.193023;2013/12/18 12:00;7.3;53
45.496067,9.193023;2013/12/18 13:00;8;55
45.496067,9.193023;2013/12/18 14:00;8.8;54
45.496067,9.193023;2013/12/18 15:00;8.8;53
45.496067,9.193023;2013/12/18 16:00;8.2;57
45.496067,9.193023;2013/12/18 17:00;7.8;57
45.496067,9.193023;2013/12/18 18:00;6.9;60
45.496067,9.193023;2013/12/18 19:00;6.4;64
45.496067,9.193023;2013/12/18 20:00;5.7;68
45.496067,9.193023;2013/12/18 21:00;5;72
45.496067,9.193023;2013/12/18 22:00;4.6;73
45.496067,9.193023;2013/12/18 23:00;5;74
45.496067,9.193023;2013/12/19 00:00;5;71
45.496067,9.193023;2013/12/19 01:00;5.4;66
45.496067,9.193023;2013/12/19 02:00;5.4;65
45.496067,9.193023;2013/12/19 03:00;5.1;69
45.496067,9.193023;2013/12/19 04:00;4.4;76
45.496067,9.193023;2013/12/19 05:00;4;84
45.496067,9.193023;2013/12/19 06:00;3.6;89
45.496067,9.193023;2013/12/19 07:00;3.6;94
45.496067,9.193023;2013/12/19 08:00;3.9;96
45.496067,9.193023;2013/12/19 09:00;4.1;97
45.496067,9.193023;2013/12/19 10:00;4.3;97
45.496067,9.193023;2013/12/19 11:00;4.2;98
45.496067,9.193023;2013/12/19 12:00;4.1;99
45.496067,9.193023;2013/12/19 13:00;3.9;99
45.496067,9.193023;2013/12/19 14:00;3.8;99
45.496067,9.193023;2013/12/19 15:00;3.7;99
45.496067,9.193023;2013/12/19 16:00;3.5;99
45.496067,9.193023;2013/12/19 17:00;3.5;99
45.496067,9.193023;2013/12/19 18:00;3.4;99
45.496067,9.193023;2013/12/19 19:00;3.6;99
45.496067,9.193023;2013/12/19 20:00;3.6;99
45.496067,9.193023;2013/12/19 21:00;3.5;99
45.496067,9.193023;2013/12/19 22:00;3.7;99
45.496067,9.193023;2013/12/19 23:00;3.9;99
45.496067,9.193023;2013/12/20 00:00;4.2;99
45.496067,9.193023;2013/12/20 01:00;4.4;99
45.496067,9.193023;2013/12/20 02:00;4.4;99
45.496067,9.193023;2013/12/20 03:00;4.2;99
45.496067,9.193023;2013/12/20 04:00;4;99
45.496067,9.193023;2013/12/20 05:00;3.7;99
45.496067,9.193023;2013/12/20 06:00;3.5;99
45.496067,9.193023;2013/12/20 07:00;3.7;99
45.496067,9.193023;2013/12/20 08:00;3.8;99
45.496067,9.193023;2013/12/20 09:00;4;99
45.496067,9.193023;2013/12/20 10:00;4.2;99
45.496067,9.193023;2013/12/20 11:00;4.5;99
45.496067,9.193023;2013/12/20 12:00;4.9;99
45.496067,9.193023;2013/12/20 13:00;5.2;99
45.496067,9.193023;2013/12/20 14:00;4.8;99
45.496067,9.193023;2013/12/20 15:00;4.6;99
45.496067,9.193023;2013/12/20 16:00;4.5;99
45.496067,9.193023;2013/12/20 17:00;4.4;99
45.496067,9.193023;2013/12/20 18:00;4.5;99
45.496067,9.193023;2013/12/20 19:00;4.5;99
45.496067,9.193023;2013/12/20 20:00;4.5;99
45.496067,9.193023;2013/12/20 21:00;4.5;99
45.496067,9.193023;2013/12/20 22:00;4.4;99
45.496067,9.193023;2013/12/20 23:00;4.3;99
45.496067,9.193023;2013/12/21 00:00;4.2;99
45.496067,9.193023;2013/12/21 01:00;4.2;99
45.496067,9.193023;2013/12/21 02:00;4.2;99
45.496067,9.193023;2013/12/21 03:00;4.4;99
45.496067,9.193023;2013/12/21 04:00;4.6;99
45.496067,9.193023;2013/12/21 05:00;4.6;99
45.496067,9.193023;2013/12/21 06:00;4.5;99
45.496067,9.193023;2013/12/21 07:00;4.4;99
45.496067,9.193023;2013/12/21 08:00;4.6;99
45.496067,9.193023;2013/12/21 09:00;5.3;99
45.496067,9.193023;2013/12/21 10:00;5.9;99
45.496067,9.193023;2013/12/21 11:00;5.8;99
45.496067,9.193023;2013/12/21 12:00;6;99
45.496067,9.193023;2013/12/21 13:00;6.3;99
45.496067,9.193023;2013/12/21 14:00;6.4;99
45.496067,9.193023;2013/12/21 15:00;6.4;99
45.496067,9.193023;2013/12/21 16:00;6.7;99
45.496067,9.193023;2013/12/21 17:00;6.9;99
45.496067,9.193023;2013/12/21 18:00;7;99
45.496067,9.193023;2013/12/21 19:00;6.7;99
45.496067,9.193023;2013/12/21 20:00;6.5;99
45.496067,9.193023;2013/12/21 21:00;6.5;99
45.496067,9.193023;2013/12/21 22:00;6.7;99
45.496067,9.193023;2013/12/21 23:00;6.8;99
45.496067,9.193023;2013/12/22 00:00;7;99
45.496067,9.193023;2013/12/22 01:00;7.3;99
45.496067,9.193023;2013/12/22 02:00;7.2;99
45.496067,9.193023;2013/12/22 03:00;6.9;99
45.496067,9.193023;2013/12/22 04:00;6.4;99
45.496067,9.193023;2013/12/22 05:00;6;99
45.496067,9.193023;2013/12/22 06:00;6;99
45.496067,9.193023;2013/12/22 07:00;6.3;99
45.496067,9.193023;2013/12/22 08:00;6.6;99
45.496067,9.193023;2013/12/22 09:00;6.8;99
45.496067,9.193023;2013/12/22 10:00;6.8;99
45.496067,9.193023;2013/12/22 11:00;6.9;99
45.496067,9.193023;2013/12/22 12:00;7;99
45.496067,9.193023;2013/12/22 13:00;7.3;99
45.496067,9.193023;2013/12/22 14:00;7.3;99
45.496067,9.193023;2013/12/22 15:00;7.4;99
45.496067,9.193023;2013/12/22 16:00;7.4;99
45.496067,9.193023;2013/12/22 17:00;7.3;99
45.496067,9.193023;2013/12/22 18:00;7.4;99
45.496067,9.193023;2013/12/22 19:00;7.3;99
45.496067,9.193023;2013/12/22 20:00;7.3;99
45.496067,9.193023;2013/12/22 21:00;7.4;99
45.496067,9.193023;2013/12/22 22:00;7.4;99
45.496067,9.193023;2013/12/22 23:00;7.1;99
45.496067,9.193023;2013/12/23 00:00;7;99
45.496067,9.193023;2013/12/23 01:00;7;99
45.496067,9.193023;2013/12/23 02:00;7;99
45.496067,9.193023;2013/12/23 03:00;6.7;99
45.496067,9.193023;2013/12/23 04:00;6.7;99
45.496067,9.193023;2013/12/23 05:00;6.7;99
45.496067,9.193023;2013/12/23 06:00;6.6;99
45.496067,9.193023;2013/12/23 07:00;6.8;99
45.496067,9.193023;2013/12/23 08:00;6.9;99
45.496067,9.193023;2013/12/23 09:00;6.9;99
45.496067,9.193023;2013/12/23 10:00;7.3;99
45.496067,9.193023;2013/12/23 11:00;7.7;99
45.496067,9.193023;2013/12/23 12:00;8;99
45.496067,9.193023;2013/12/23 13:00;8.1;99
45.496067,9.193023;2013/12/23 14:00;8.2;99
45.496067,9.193023;2013/12/23 15:00;8.3;99
45.496067,9.193023;2013/12/23 16:00;8.3;99
45.496067,9.193023;2013/12/23 17:00;8.4;99
45.496067,9.193023;2013/12/23 18:00;8.4;99
45.496067,9.193023;2013/12/23 19:00;8.2;99
45.496067,9.193023;2013/12/23 20:00;7.7;99
45.496067,9.193023;2013/11/01 01:00;12.1;88
45.496067,9.193023;2013/11/01 02:00;11.7;89
45.496067,9.193023;2013/11/01 03:00;11.3;92
45.496067,9.193023;2013/11/01 04:00;11;92
45.496067,9.193023;2013/11/01 05:00;10.8;93
45.496067,9.193023;2013/11/01 06:00;10.6;94
45.496067,9.193023;2013/11/01 07:00;10.4;96
45.496067,9.193023;2013/11/01 08:00;10.7;97
45.496067,9.193023;2013/11/01 09:00;12;95
45.496067,9.193023;2013/11/01 10:00;13.2;84
45.496067,9.193023;2013/11/01 11:00;14.6;73
45.496067,9.193023;2013/11/01 12:00;15.8;66
45.496067,9.193023;2013/11/01 13:00;15.7;67
45.496067,9.193023;2013/11/01 14:00;15.9;64
45.496067,9.193023;2013/11/01 15:00;15.9;63
45.496067,9.193023;2013/11/01 16:00;15.7;63
45.496067,9.193023;2013/11/01 17:00;15.4;63
45.496067,9.193023;2013/11/01 18:00;15.1;65
45.496067,9.193023;2013/11/01 19:00;14.9;68
45.496067,9.193023;2013/11/01 20:00;14.8;71
45.496067,9.193023;2013/11/01 21:00;14.9;70
45.496067,9.193023;2013/11/01 22:00;14.9;67
45.496067,9.193023;2013/11/01 23:00;14.6;70
45.496067,9.193023;2013/11/02 00:00;14.4;73
45.496067,9.193023;2013/11/02 01:00;14.4;74
45.496067,9.193023;2013/11/02 02:00;14.3;73
45.496067,9.193023;2013/11/02 03:00;14.1;75
45.496067,9.193023;2013/11/02 04:00;14;76
45.496067,9.193023;2013/11/02 05:00;14;79
45.496067,9.193023;2013/11/02 06:00;13.9;81
45.496067,9.193023;2013/11/02 07:00;13.9;80
45.496067,9.193023;2013/11/02 08:00;13.9;81
45.496067,9.193023;2013/11/02 09:00;14;79
45.496067,9.193023;2013/11/02 10:00;14.1;79
45.496067,9.193023;2013/11/02 11:00;14.4;75
45.496067,9.193023;2013/11/02 12:00;14.8;66
45.496067,9.193023;2013/11/02 13:00;14.9;64
45.496067,9.193023;2013/11/02 14:00;15.1;62
45.496067,9.193023;2013/11/02 15:00;15.2;61
45.496067,9.193023;2013/11/02 16:00;14.9;62
45.496067,9.193023;2013/11/02 17:00;14.8;63
45.496067,9.193023;2013/11/02 18:00;14.8;66
45.496067,9.193023;2013/11/02 19:00;14.6;73
45.496067,9.193023;2013/11/02 20:00;14.6;76
45.496067,9.193023;2013/11/02 21:00;14.1;82
45.496067,9.193023;2013/11/02 22:00;14.2;83
45.496067,9.193023;2013/11/02 23:00;14.1;86
45.496067,9.193023;2013/11/03 00:00;13.5;91
45.496067,9.193023;2013/11/03 01:00;13.2;95
45.496067,9.193023;2013/11/03 02:00;13;99
45.496067,9.193023;2013/11/03 03:00;12.7;99
45.496067,9.193023;2013/11/03 04:00;12.7;99
45.496067,9.193023;2013/11/03 05:00;12.6;99
45.496067,9.193023;2013/11/03 06:00;12.4;99
45.496067,9.193023;2013/11/03 07:00;12.3;99
45.496067,9.193023;2013/11/03 08:00;12.3;99
45.496067,9.193023;2013/11/03 09:00;12.7;99
45.496067,9.193023;2013/11/03 10:00;13;99
45.496067,9.193023;2013/11/03 11:00;13;99
45.496067,9.193023;2013/11/03 12:00;13.9;99
45.496067,9.193023;2013/11/03 13:00;14.6;99
45.496067,9.193023;2013/11/03 14:00;16.8;92
45.496067,9.193023;2013/11/03 15:00;18.1;77
45.496067,9.193023;2013/11/03 16:00;18.1;61
45.496067,9.193023;2013/11/03 17:00;16.5;65
45.496067,9.193023;2013/11/03 18:00;15.6;70
45.496067,9.193023;2013/11/03 19:00;14.8;75
45.496067,9.193023;2013/11/03 20:00;14.3;79
45.496067,9.193023;2013/11/03 21:00;13.6;75
45.496067,9.193023;2013/11/03 22:00;12.6;68
45.496067,9.193023;2013/11/03 23:00;11.7;72
45.496067,9.193023;2013/11/04 00:00;11.3;76
45.496067,9.193023;2013/11/04 01:00;11.2;79
45.496067,9.193023;2013/11/04 02:00;10.6;91
45.496067,9.193023;2013/11/04 03:00;10.3;98
45.496067,9.193023;2013/11/04 04:00;10.6;99
45.496067,9.193023;2013/11/04 05:00;10.9;95
45.496067,9.193023;2013/11/04 06:00;10.6;96
45.496067,9.193023;2013/11/04 07:00;11;99
45.496067,9.193023;2013/11/04 08:00;11.5;99
45.496067,9.193023;2013/11/04 09:00;11.8;99
45.496067,9.193023;2013/11/04 10:00;11.9;97
45.496067,9.193023;2013/11/04 11:00;11.4;99
45.496067,9.193023;2013/11/04 12:00;10.7;99
45.496067,9.193023;2013/11/04 13:00;10.8;99
45.496067,9.193023;2013/11/04 14:00;11.3;99
45.496067,9.193023;2013/11/04 15:00;11.8;99
45.496067,9.193023;2013/11/04 16:00;11.9;99
45.496067,9.193023;2013/11/04 17:00;12.1;99
45.496067,9.193023;2013/11/04 18:00;12.1;99
45.496067,9.193023;2013/11/04 19:00;11.7;99
45.496067,9.193023;2013/11/04 20:00;11.5;99
45.496067,9.193023;2013/11/04 21:00;11.2;99
45.496067,9.193023;2013/11/04 22:00;11.1;99
45.496067,9.193023;2013/11/04 23:00;11.1;99
45.496067,9.193023;2013/11/05 00:00;10.8;99
45.496067,9.193023;2013/11/05 01:00;10.6;99
45.496067,9.193023;2013/11/05 02:00;10.7;99
45.496067,9.193023;2013/11/05 03:00;10.5;99
45.496067,9.193023;2013/11/05 04:00;9.7;99
45.496067,9.193023;2013/11/05 05:00;9.1;99
45.496067,9.193023;2013/11/05 06:00;8.6;99
45.496067,9.193023;2013/11/05 07:00;8.3;99
45.496067,9.193023;2013/11/05 08:00;8.6;99
45.496067,9.193023;2013/11/05 09:00;9.2;99
45.496067,9.193023;2013/11/05 10:00;10.3;99
45.496067,9.193023;2013/11/05 11:00;11.9;95
45.496067,9.193023;2013/11/05 12:00;13;90
45.496067,9.193023;2013/11/05 13:00;14.3;74
45.496067,9.193023;2013/11/05 14:00;15.7;60
45.496067,9.193023;2013/11/05 15:00;15.6;57
45.496067,9.193023;2013/11/05 16:00;15.2;61
45.496067,9.193023;2013/11/05 17:00;14.5;63
45.496067,9.193023;2013/11/05 18:00;13.4;72
45.496067,9.193023;2013/11/05 19:00;12.9;79
45.496067,9.193023;2013/11/05 20:00;12.8;81
45.496067,9.193023;2013/11/05 21:00;13.1;81
45.496067,9.193023;2013/11/05 22:00;12.8;84
45.496067,9.193023;2013/11/05 23:00;12;87
45.496067,9.193023;2013/11/06 00:00;12.2;88
45.496067,9.193023;2013/11/06 01:00;12.1;88
45.496067,9.193023;2013/11/06 02:00;12.2;90
45.496067,9.193023;2013/11/06 03:00;12.1;91
45.496067,9.193023;2013/11/06 04:00;12.2;90
45.496067,9.193023;2013/11/06 05:00;12;84
45.496067,9.193023;2013/11/06 06:00;12.1;73
45.496067,9.193023;2013/11/06 07:00;11.8;73
45.496067,9.193023;2013/11/06 08:00;11.5;75
45.496067,9.193023;2013/11/06 09:00;12.5;71
45.496067,9.193023;2013/11/06 10:00;13.9;65
45.496067,9.193023;2013/11/06 11:00;15.8;57
45.496067,9.193023;2013/11/06 12:00;17.2;51
45.496067,9.193023;2013/11/06 13:00;18.4;45
45.496067,9.193023;2013/11/06 14:00;20.2;40
45.496067,9.193023;2013/11/06 15:00;20.7;36
45.496067,9.193023;2013/11/06 16:00;20.3;36
45.496067,9.193023;2013/11/06 17:00;18.2;43
45.496067,9.193023;2013/11/06 18:00;16.7;50
45.496067,9.193023;2013/11/06 19:00;15.8;55
45.496067,9.193023;2013/11/06 20:00;14.7;60
45.496067,9.193023;2013/11/06 21:00;14.1;62
45.496067,9.193023;2013/11/06 22:00;13.2;68
45.496067,9.193023;2013/11/06 23:00;12.6;79
45.496067,9.193023;2013/11/07 00:00;12.3;82
45.496067,9.193023;2013/11/07 01:00;12;84
45.496067,9.193023;2013/11/07 02:00;11.6;87
45.496067,9.193023;2013/11/07 03:00;11.1;88
45.496067,9.193023;2013/11/07 04:00;10.6;90
45.496067,9.193023;2013/11/07 05:00;10.2;88
45.496067,9.193023;2013/11/07 06:00;9.7;89
45.496067,9.193023;2013/11/07 07:00;9.6;90
45.496067,9.193023;2013/11/07 08:00;10.1;88
45.496067,9.193023;2013/11/07 09:00;11;85
45.496067,9.193023;2013/11/07 10:00;12.7;78
45.496067,9.193023;2013/11/07 11:00;13.3;78
45.496067,9.193023;2013/11/07 12:00;14.1;72
45.496067,9.193023;2013/11/07 13:00;14.7;70
45.496067,9.193023;2013/11/07 14:00;15.8;64
45.496067,9.193023;2013/11/07 15:00;16.8;56
45.496067,9.193023;2013/11/07 16:00;15.7;64
45.496067,9.193023;2013/11/07 17:00;15.2;72
45.496067,9.193023;2013/11/07 18:00;14.6;79
45.496067,9.193023;2013/11/07 19:00;14.5;78
45.496067,9.193023;2013/11/07 20:00;14.5;77
45.496067,9.193023;2013/11/07 21:00;14.2;78
45.496067,9.193023;2013/11/07 22:00;13.8;81
45.496067,9.193023;2013/11/07 23:00;13.6;84
45.496067,9.193023;2013/11/08 00:00;13.6;85
45.496067,9.193023;2013/11/08 01:00;13.6;85
45.496067,9.193023;2013/11/08 02:00;13.7;85
45.496067,9.193023;2013/11/08 03:00;13.6;86
45.496067,9.193023;2013/11/08 04:00;13.6;87
45.496067,9.193023;2013/11/08 05:00;13.5;88
45.496067,9.193023;2013/11/08 06:00;13.5;90
45.496067,9.193023;2013/11/08 07:00;13.4;91
45.496067,9.193023;2013/11/08 08:00;13.2;94
45.496067,9.193023;2013/11/08 09:00;13.3;99
45.496067,9.193023;2013/11/08 10:00;13.8;99
45.496067,9.193023;2013/11/08 11:00;14.3;95
45.496067,9.193023;2013/11/08 12:00;14.4;91
45.496067,9.193023;2013/11/08 13:00;14.2;92
45.496067,9.193023;2013/11/08 14:00;14.1;93
45.496067,9.193023;2013/11/08 15:00;14.2;93
45.496067,9.193023;2013/11/08 16:00;14.3;91
45.496067,9.193023;2013/11/08 17:00;13.7;92
45.496067,9.193023;2013/11/08 18:00;13.3;97
45.496067,9.193023;2013/11/08 19:00;13;99
45.496067,9.193023;2013/11/08 20:00;13;99
45.496067,9.193023;2013/11/08 21:00;12.9;99
45.496067,9.193023;2013/11/08 22:00;12.8;99
45.496067,9.193023;2013/11/08 23:00;12.8;99
45.496067,9.193023;2013/11/09 00:00;12.7;99
45.496067,9.193023;2013/11/09 01:00;12.6;99
45.496067,9.193023;2013/11/09 02:00;12.6;99
45.496067,9.193023;2013/11/09 03:00;12.7;99
45.496067,9.193023;2013/11/09 04:00;12.7;99
45.496067,9.193023;2013/11/09 05:00;12.7;99
45.496067,9.193023;2013/11/09 06:00;12.6;99
45.496067,9.193023;2013/11/09 07:00;12.6;99
45.496067,9.193023;2013/11/09 08:00;12.7;99
45.496067,9.193023;2013/11/09 09:00;12.8;99
45.496067,9.193023;2013/11/09 10:00;13;99
45.496067,9.193023;2013/11/09 11:00;14;99
45.496067,9.193023;2013/11/09 12:00;14.8;99
45.496067,9.193023;2013/11/09 13:00;15.1;99
45.496067,9.193023;2013/11/09 14:00;15.4;96
45.496067,9.193023;2013/11/09 15:00;15.5;94
45.496067,9.193023;2013/11/09 16:00;15.8;95
45.496067,9.193023;2013/11/09 17:00;15.4;94
45.496067,9.193023;2013/11/09 18:00;14.8;97
45.496067,9.193023;2013/11/09 19:00;14.3;93
45.496067,9.193023;2013/11/09 20:00;14;89
45.496067,9.193023;2013/11/09 21:00;13.4;91
45.496067,9.193023;2013/11/09 22:00;12.6;95
45.496067,9.193023;2013/11/09 23:00;12.8;99
45.496067,9.193023;2013/11/10 00:00;12.3;99
45.496067,9.193023;2013/11/10 01:00;12.1;99
45.496067,9.193023;2013/11/10 02:00;11.5;99
45.496067,9.193023;2013/11/10 03:00;10.9;99
45.496067,9.193023;2013/11/10 04:00;10.6;99
45.496067,9.193023;2013/11/10 05:00;10.4;99
45.496067,9.193023;2013/11/10 06:00;10.4;99
45.496067,9.193023;2013/11/10 07:00;10.4;99
45.496067,9.193023;2013/11/10 08:00;10.4;99
45.496067,9.193023;2013/11/10 09:00;10.5;99
45.496067,9.193023;2013/11/10 10:00;11.3;98
45.496067,9.193023;2013/11/10 11:00;12.9;82
45.496067,9.193023;2013/11/10 12:00;13.4;72
45.496067,9.193023;2013/11/10 13:00;13.9;70
45.496067,9.193023;2013/11/10 14:00;14.3;66
45.496067,9.193023;2013/11/10 15:00;14.4;65
45.496067,9.193023;2013/11/10 16:00;13.9;66
45.496067,9.193023;2013/11/10 17:00;12.9;69
45.496067,9.193023;2013/11/10 18:00;11.9;71
45.496067,9.193023;2013/11/10 19:00;11.8;60
45.496067,9.193023;2013/11/10 20:00;11.9;47
45.496067,9.193023;2013/11/10 21:00;12.4;36
45.496067,9.193023;2013/11/10 22:00;12.4;31
45.496067,9.193023;2013/11/10 23:00;12.2;29
45.496067,9.193023;2013/11/11 00:00;11.7;29
45.496067,9.193023;2013/11/11 01:00;11.4;29
45.496067,9.193023;2013/11/11 02:00;11.4;28
45.496067,9.193023;2013/11/11 03:00;11.1;28
45.496067,9.193023;2013/11/11 04:00;10.7;29
45.496067,9.193023;2013/11/11 05:00;10.7;28
45.496067,9.193023;2013/11/11 06:00;11.8;24
45.496067,9.193023;2013/11/11 07:00;11.6;24
45.496067,9.193023;2013/11/11 08:00;10.5;28
45.496067,9.193023;2013/11/11 09:00;11.6;27
45.496067,9.193023;2013/11/11 10:00;13.8;22
45.496067,9.193023;2013/11/11 11:00;15;18
45.496067,9.193023;2013/11/11 12:00;16.1;16
45.496067,9.193023;2013/11/11 13:00;17.1;14
45.496067,9.193023;2013/11/11 14:00;18.2;12
45.496067,9.193023;2013/11/11 15:00;18.3;11
45.496067,9.193023;2013/11/11 16:00;17.4;14
45.496067,9.193023;2013/11/11 17:00;16.4;17
45.496067,9.193023;2013/11/11 18:00;15.2;18
45.496067,9.193023;2013/11/11 19:00;14.1;20
45.496067,9.193023;2013/11/11 20:00;13.3;21
45.496067,9.193023;2013/11/11 21:00;11.9;26
45.496067,9.193023;2013/11/11 22:00;11.2;33
45.496067,9.193023;2013/11/11 23:00;10.8;38
45.496067,9.193023;2013/11/12 00:00;10.3;41
45.496067,9.193023;2013/11/12 01:00;10;40
45.496067,9.193023;2013/11/12 02:00;9.5;44
45.496067,9.193023;2013/11/12 03:00;8.9;42
45.496067,9.193023;2013/11/12 04:00;8.2;43
45.496067,9.193023;2013/11/12 05:00;8.8;43
45.496067,9.193023;2013/11/12 06:00;8.5;45
45.496067,9.193023;2013/11/12 07:00;8.2;47
45.496067,9.193023;2013/11/12 08:00;8.4;46
45.496067,9.193023;2013/11/12 09:00;8.7;46
45.496067,9.193023;2013/11/12 10:00;10.3;43
45.496067,9.193023;2013/11/12 11:00;12.5;37
45.496067,9.193023;2013/11/12 12:00;14.3;26
45.496067,9.193023;2013/11/12 13:00;15.8;24
45.496067,9.193023;2013/11/12 14:00;16.8;22
45.496067,9.193023;2013/11/12 15:00;17.7;20
45.496067,9.193023;2013/11/12 16:00;16.6;22
45.496067,9.193023;2013/11/12 17:00;14.9;27
45.496067,9.193023;2013/11/12 18:00;13.6;32
45.496067,9.193023;2013/11/12 19:00;13.3;35
45.496067,9.193023;2013/11/12 20:00;12;41
45.496067,9.193023;2013/11/12 21:00;11.4;45
45.496067,9.193023;2013/11/12 22:00;10.3;50
45.496067,9.193023;2013/11/12 23:00;9.7;52
45.496067,9.193023;2013/11/13 00:00;9.4;54
45.496067,9.193023;2013/11/13 01:00;8.7;56
45.496067,9.193023;2013/11/13 02:00;8.4;57
45.496067,9.193023;2013/11/13 03:00;8.2;57
45.496067,9.193023;2013/11/13 04:00;8.2;60
45.496067,9.193023;2013/11/13 05:00;8.8;59
45.496067,9.193023;2013/11/13 06:00;8.2;61
45.496067,9.193023;2013/11/13 07:00;8.2;61
45.496067,9.193023;2013/11/13 08:00;8.7;61
45.496067,9.193023;2013/11/13 09:00;9.8;59
45.496067,9.193023;2013/11/13 10:00;11.1;54
45.496067,9.193023;2013/11/13 11:00;12.5;50
45.496067,9.193023;2013/11/13 12:00;14.1;44
45.496067,9.193023;2013/11/13 13:00;15.4;42
45.496067,9.193023;2013/11/13 14:00;15.6;40
45.496067,9.193023;2013/11/13 15:00;15.5;41
45.496067,9.193023;2013/11/13 16:00;15.4;42
45.496067,9.193023;2013/11/13 17:00;14.9;44
45.496067,9.193023;2013/11/13 18:00;14.6;46
45.496067,9.193023;2013/11/13 19:00;14.4;49
45.496067,9.193023;2013/11/13 20:00;13.6;55
45.496067,9.193023;2013/11/13 21:00;12.8;64
45.496067,9.193023;2013/11/13 22:00;12.5;73
45.496067,9.193023;2013/11/13 23:00;12.6;73
45.496067,9.193023;2013/11/14 00:00;12.7;72
45.496067,9.193023;2013/11/14 01:00;12.4;72
45.496067,9.193023;2013/11/14 02:00;12.1;73
45.496067,9.193023;2013/11/14 03:00;12;72
45.496067,9.193023;2013/11/14 04:00;11.8;73